date,meantemp,humidity,meanpressure,wind_speed
2019-01-01,8.83,5.43,101.86,3.84
2019-01-02,10.98,6.23,101.66,2.51
2019-01-03,12.08,7.51,101.45,1.75
2019-01-04,14.71,9.03,101.2,1.73
2019-01-05,16.49,10.38,101.04,1.98
2019-01-06,16.3,10.25,101.0,2.03
2019-01-07,17.32,11.23,100.89,1.71
2019-01-08,15.88,10.19,100.89,3.44
2019-01-09,13.32,8.48,101.05,2.7
2019-01-10,15.8,10.25,100.81,1.7
2019-01-11,19.36,12.7,100.71,1.7
2019-01-12,19.53,12.94,100.69,2.87
2019-01-13,20.16,13.18,100.65,2.51
2019-01-14,20.46,13.43,100.5,3.21
2019-01-15,16.77,10.56,100.82,4.4
2019-01-16,11.05,7.02,101.29,3.26
2019-01-17,12.19,6.84,101.3,2.53
2019-01-18,13.46,8.3,101.03,1.84
2019-01-19,17.08,10.93,100.71,1.71
2019-01-20,19.01,12.02,100.79,2.49
2019-01-21,12.69,7.2,101.41,3.97
2019-01-22,13.24,6.59,101.37,2.04
2019-01-23,14.38,8.12,101.01,1.79
2019-01-24,16.44,10.38,100.76,2.65
2019-01-25,18.76,11.96,100.92,2.14
2019-01-26,17.55,11.05,101.18,2.31
2019-01-27,17.15,10.44,101.05,2.37
2019-01-28,17.71,10.99,100.86,1.99
2019-01-29,19.08,12.15,100.77,2.33
2019-01-30,20.07,12.94,100.7,3.91
2019-01-31,20.69,13.43,100.83,2.32
2019-02-01,17.76,10.25,100.97,2.77
2019-02-02,18.84,11.9,100.52,2.88
2019-02-03,21.53,13.85,100.48,2.32
2019-02-04,21.91,14.34,100.57,2.95
2019-02-05,22.38,14.22,100.4,2.23
2019-02-06,22.49,14.22,100.12,3.22
2019-02-07,22.54,12.08,100.09,2.41
2019-02-08,22.4,11.72,100.04,2.38
2019-02-09,21.59,12.88,100.22,2.43
2019-02-10,23.15,15.44,100.63,3.86
2019-02-11,17.69,10.86,101.13,3.25
2019-02-12,19.51,12.45,101.08,2.09
2019-02-13,21.33,14.16,100.83,3.3
2019-02-14,21.5,13.73,100.62,4.27
2019-02-15,22.29,14.59,100.58,4.12
2019-02-16,23.01,15.5,100.41,3.72
2019-02-17,22.54,15.99,100.14,5.04
2019-02-18,23.67,14.71,99.95,2.73
2019-02-19,23.98,15.2,100.21,2.33
2019-02-20,24.66,15.99,100.38,2.77
2019-02-21,24.73,14.89,100.39,2.34
2019-02-22,18.27,10.68,100.58,3.75
2019-02-23,17.98,11.11,100.44,3.26
2019-02-24,15.46,8.67,100.68,2.74
2019-02-25,17.02,10.44,100.65,2.04
2019-02-26,18.87,12.15,100.43,2.19
2019-02-27,22.02,14.4,100.22,2.57
2019-02-28,22.83,15.26,100.17,3.47
2019-03-01,23.14,15.56,100.16,4.55
2019-03-02,24.55,16.36,99.86,3.3
2019-03-03,23.76,15.62,99.91,2.55
2019-03-04,22.89,15.44,99.83,4.47
2019-03-05,25.6,15.99,99.74,2.66
2019-03-06,21.45,13.61,100.2,3.22
2019-03-07,19.34,11.9,100.44,2.88
2019-03-08,19.32,12.21,100.3,2.47
2019-03-09,21.9,14.04,100.03,2.48
2019-03-10,18.58,10.56,100.41,2.93
2019-03-11,19.65,11.23,100.48,1.84
2019-03-12,20.5,11.78,100.42,2.52
2019-03-13,21.77,13.98,100.35,2.6
2019-03-14,23.39,15.62,100.56,2.23
2019-03-15,19.48,11.66,100.96,3.26
2019-03-16,19.48,12.27,100.8,2.16
2019-03-17,21.31,13.98,100.58,2.23
2019-03-18,22.08,14.71,100.42,2.91
2019-03-19,22.64,15.81,100.09,3.34
2019-03-20,25.61,16.78,99.87,3.26
2019-03-21,26.78,16.72,99.76,2.34
2019-03-22,25.83,16.42,99.8,1.62
2019-03-23,19.59,11.66,100.53,4.19
2019-03-24,17.19,9.89,100.67,2.57
2019-03-25,19.01,11.9,100.6,1.89
2019-03-26,21.46,13.98,100.51,2.81
2019-03-27,23.63,15.81,100.34,3.95
2019-03-28,24.26,16.3,99.98,2.74
2019-03-29,24.94,16.97,99.83,1.72
2019-03-30,25.35,17.21,99.96,2.91
2019-03-31,25.2,17.52,100.13,3.08
2019-04-01,21.22,13.67,100.57,2.32
2019-04-02,23.54,15.5,100.36,2.89
2019-04-03,24.68,17.03,100.33,3.32
2019-04-04,25.15,17.09,100.31,2.66
2019-04-05,23.84,16.24,100.37,3.03
2019-04-06,24.44,16.66,100.11,3.18
2019-04-07,25.79,18.07,100.01,2.97
2019-04-08,26.68,18.74,99.74,3.3
2019-04-09,28.28,18.49,99.68,2.29
2019-04-10,28.39,19.35,99.71,2.27
2019-04-11,28.39,19.59,99.62,2.18
2019-04-12,27.38,19.65,99.74,3.84
2019-04-13,27.24,19.78,99.83,3.85
2019-04-14,27.45,20.08,99.97,3.3
2019-04-15,23.57,15.56,100.18,2.94
2019-04-16,24.96,17.33,100.11,2.59
2019-04-17,25.0,17.46,99.92,3.05
2019-04-18,28.87,19.35,99.36,2.64
2019-04-19,29.7,18.55,99.18,2.29
2019-04-20,30.26,18.8,99.1,2.58
2019-04-21,29.43,20.39,99.29,1.84
2019-04-22,29.65,20.08,99.47,2.7
2019-04-23,28.8,20.26,99.68,2.23
2019-04-24,29.57,19.84,99.62,2.4
2019-04-25,29.16,20.08,99.61,2.56
2019-04-26,28.1,20.39,99.67,3.52
2019-04-27,27.75,20.02,99.7,4.62
2019-04-28,28.09,20.02,99.76,3.5
2019-04-29,28.97,19.96,99.65,2.41
2019-04-30,28.61,20.14,99.64,2.65
2019-05-01,24.98,15.38,99.98,2.55
2019-05-02,25.15,16.72,99.99,2.23
2019-05-03,24.46,17.03,100.11,3.12
2019-05-04,27.1,19.41,99.81,2.9
2019-05-05,29.12,21.18,99.43,2.27
2019-05-06,27.68,21.24,99.37,2.96
2019-05-07,27.11,20.69,99.46,3.54
2019-05-08,27.25,19.9,99.47,3.13
2019-05-09,23.3,15.44,99.75,2.64
2019-05-10,25.0,16.6,99.93,2.41
2019-05-11,26.25,18.37,99.92,2.37
2019-05-12,27.38,19.78,99.76,3.79
2019-05-13,27.73,20.26,99.67,3.7
2019-05-14,27.19,20.75,99.59,3.33
2019-05-15,28.33,20.87,99.51,2.31
2019-05-16,29.6,21.36,99.34,2.47
2019-05-17,30.87,21.18,99.12,2.87
2019-05-18,31.23,21.36,99.02,3.16
2019-05-19,31.2,21.24,99.2,2.47
2019-05-20,27.62,19.41,99.63,3.15
2019-05-21,24.05,15.01,99.91,2.27
2019-05-22,25.64,17.46,99.93,1.98
2019-05-23,26.44,18.43,99.84,2.27
2019-05-24,27.46,20.2,99.58,2.98
2019-05-25,28.76,20.87,99.27,3.35
2019-05-26,29.02,21.42,99.2,2.28
2019-05-27,28.4,21.61,99.31,1.76
2019-05-28,27.44,21.3,99.52,3.42
2019-05-29,25.83,19.41,99.67,2.25
2019-05-30,26.67,19.17,99.66,1.97
2019-05-31,26.63,20.81,99.62,3.49
2019-06-01,24.87,18.37,99.63,2.52
2019-06-02,25.79,17.58,99.7,1.84
2019-06-03,28.45,19.9,99.55,1.59
2019-06-04,28.79,21.0,99.49,2.16
2019-06-05,28.07,21.79,99.47,3.12
2019-06-06,28.59,21.67,99.62,2.24
2019-06-07,28.65,22.22,99.66,3.09
2019-06-08,28.87,22.03,99.48,2.48
2019-06-09,28.79,21.91,99.2,4.11
2019-06-10,30.5,22.16,99.03,1.45
2019-06-11,30.31,22.22,99.11,1.59
2019-06-12,30.32,22.28,99.15,1.37
2019-06-13,29.78,21.73,99.21,2.12
2019-06-14,28.75,21.79,99.21,1.4
2019-06-15,29.83,21.73,99.12,2.14
2019-06-16,28.73,21.79,99.13,1.94
2019-06-17,29.55,21.79,99.27,1.73
2019-06-18,28.92,21.67,99.39,2.02
2019-06-19,28.4,21.91,99.43,2.38
2019-06-20,29.19,22.16,99.33,1.96
2019-06-21,30.3,22.34,99.18,2.42
2019-06-22,30.94,22.52,99.08,2.51
2019-06-23,30.16,23.25,99.15,1.8
2019-06-24,29.27,22.71,99.36,1.82
2019-06-25,29.69,22.16,99.35,2.25
2019-06-26,29.76,22.03,99.09,2.24
2019-06-27,30.08,21.73,98.76,2.6
2019-06-28,30.66,21.97,98.72,2.24
2019-06-29,31.08,21.97,98.84,2.17
2019-06-30,28.98,20.81,99.09,2.32
2019-07-01,28.44,20.51,99.17,2.45
2019-07-02,27.37,21.12,99.13,2.37
2019-07-03,28.1,21.67,98.89,3.73
2019-07-04,28.7,21.79,98.77,4.98
2019-07-05,29.51,21.85,99.11,2.52
2019-07-06,30.1,21.48,99.01,2.52
2019-07-07,29.87,21.0,99.04,2.8
2019-07-08,30.4,21.48,99.1,2.55
2019-07-09,30.07,21.3,99.12,2.09
2019-07-10,28.67,21.36,99.25,1.55
2019-07-11,29.24,21.18,99.45,2.12
2019-07-12,29.72,21.24,99.37,2.48
2019-07-13,29.86,21.55,99.18,2.52
2019-07-14,29.26,21.06,99.12,1.71
2019-07-15,28.36,21.48,99.16,1.99
2019-07-16,29.68,20.94,99.22,1.32
2019-07-17,29.55,22.09,99.16,2.27
2019-07-18,29.64,22.58,98.99,1.45
2019-07-19,30.95,22.34,98.97,1.88
2019-07-20,29.98,22.46,99.23,1.49
2019-07-21,29.23,21.36,99.31,1.59
2019-07-22,29.67,20.57,99.22,1.83
2019-07-23,28.2,20.63,99.18,1.86
2019-07-24,28.61,20.57,99.26,1.38
2019-07-25,28.28,20.63,99.46,0.8
2019-07-26,28.68,20.14,99.42,1.8
2019-07-27,28.98,20.26,99.37,1.7
2019-07-28,29.44,21.24,99.37,1.66
2019-07-29,29.24,21.0,99.37,1.62
2019-07-30,28.27,20.57,99.33,1.3
2019-07-31,27.33,20.51,99.28,2.42
2019-08-01,27.33,19.84,99.04,3.02
2019-08-02,27.7,20.2,98.73,3.8
2019-08-03,26.82,20.81,98.34,8.77
2019-08-04,27.12,21.0,98.94,4.38
2019-08-05,27.18,20.2,99.24,1.48
2019-08-06,28.88,20.63,99.26,1.25
2019-08-07,29.94,21.61,99.05,1.19
2019-08-08,30.07,22.03,98.91,1.39
2019-08-09,30.04,21.42,98.94,1.11
2019-08-10,30.37,21.3,98.98,1.49
2019-08-11,29.63,22.34,99.05,1.35
2019-08-12,29.23,21.79,99.11,2.28
2019-08-13,29.65,21.61,99.1,2.85
2019-08-14,29.8,21.36,99.17,2.59
2019-08-15,29.62,21.79,99.16,1.76
2019-08-16,28.8,21.55,99.14,1.41
2019-08-17,27.55,21.55,99.26,2.46
2019-08-18,27.51,21.06,99.32,2.42
2019-08-19,28.83,21.12,99.2,1.73
2019-08-20,28.23,21.61,99.29,1.8
2019-08-21,27.58,21.12,99.41,1.9
2019-08-22,27.05,20.45,99.51,1.55
2019-08-23,27.68,19.9,99.68,1.8
2019-08-24,28.75,20.57,99.51,1.88
2019-08-25,29.3,21.24,99.33,1.8
2019-08-26,28.5,20.63,99.27,1.72
2019-08-27,27.13,20.94,99.46,2.0
2019-08-28,27.91,21.24,99.65,2.02
2019-08-29,28.46,22.16,99.31,3.31
2019-08-30,27.37,21.18,99.32,4.27
2019-08-31,26.25,20.32,99.52,1.94
2019-09-01,26.22,20.02,99.59,3.14
2019-09-02,26.4,18.98,99.62,4.5
2019-09-03,26.66,19.29,99.52,4.52
2019-09-04,26.4,19.29,99.36,4.5
2019-09-05,28.6,19.84,99.29,2.46
2019-09-06,29.15,20.26,99.28,1.86
2019-09-07,29.37,21.48,99.33,2.18
2019-09-08,29.74,21.91,99.27,1.82
2019-09-09,29.11,21.79,99.22,1.48
2019-09-10,28.04,21.79,99.53,1.58
2019-09-11,27.28,21.24,99.95,2.09
2019-09-12,27.89,20.32,99.97,1.52
2019-09-13,28.13,19.71,99.83,1.62
2019-09-14,28.38,19.17,99.83,1.62
2019-09-15,28.65,19.78,99.74,1.63
2019-09-16,28.72,20.45,99.73,1.32
2019-09-17,29.33,19.59,99.88,0.91
2019-09-18,27.69,20.69,100.1,2.2
2019-09-19,27.02,19.41,100.2,2.11
2019-09-20,26.73,18.31,100.1,2.46
2019-09-21,25.08,16.54,100.24,3.54
2019-09-22,24.62,14.89,100.51,3.48
2019-09-23,23.62,13.73,100.71,2.85
2019-09-24,23.94,13.0,100.73,2.25
2019-09-25,24.89,13.55,100.75,1.77
2019-09-26,24.3,14.71,100.73,2.32
2019-09-27,25.06,13.92,100.69,1.88
2019-09-28,25.38,14.34,100.55,1.95
2019-09-29,25.3,14.4,100.38,2.15
2019-09-30,25.46,14.89,100.06,1.88
2019-10-01,25.51,16.11,99.98,2.09
2019-10-02,26.57,19.17,99.99,2.27
2019-10-03,26.01,20.08,99.99,2.41
2019-10-04,26.26,19.41,100.0,2.01
2019-10-05,26.56,18.74,100.15,1.34
2019-10-06,26.36,17.64,100.31,1.62
2019-10-07,25.94,17.52,100.31,2.34
2019-10-08,24.69,18.37,100.37,2.59
2019-10-09,24.87,17.94,100.33,2.34
2019-10-10,26.37,18.31,100.19,1.57
2019-10-11,26.01,18.62,100.1,2.71
2019-10-12,25.89,18.68,100.13,2.18
2019-10-13,25.73,18.13,100.39,1.79
2019-10-14,24.74,17.27,100.72,3.1
2019-10-15,23.71,16.24,100.82,3.48
2019-10-16,24.47,16.72,100.7,2.55
2019-10-17,24.65,17.03,100.63,2.31
2019-10-18,21.96,13.61,100.83,2.78
2019-10-19,23.01,14.4,100.71,2.03
2019-10-20,23.94,15.62,100.54,1.69
2019-10-21,24.74,17.03,100.22,2.27
2019-10-22,25.66,18.43,99.85,3.72
2019-10-23,26.6,19.17,99.85,2.94
2019-10-24,22.27,15.26,100.38,3.01
2019-10-25,24.0,16.78,100.49,2.32
2019-10-26,24.93,17.52,100.49,2.38
2019-10-27,24.46,17.46,100.36,3.28
2019-10-28,20.51,13.24,100.67,4.04
2019-10-29,20.53,11.29,100.73,2.91
2019-10-30,19.59,10.62,100.67,2.98
2019-10-31,19.55,11.11,100.59,3.05
2019-11-01,19.98,12.82,100.56,2.38
2019-11-02,22.36,14.95,100.46,1.8
2019-11-03,23.01,15.5,100.49,2.73
2019-11-04,21.96,12.45,100.62,3.12
2019-11-05,20.26,10.68,100.41,2.19
2019-11-06,21.23,11.96,100.17,1.44
2019-11-07,20.57,11.78,100.56,2.91
2019-11-08,19.48,10.74,100.83,2.74
2019-11-09,19.94,10.56,100.74,1.8
2019-11-10,19.95,10.56,100.59,2.19
2019-11-11,20.62,11.23,100.31,1.78
2019-11-12,22.35,14.16,100.34,1.32
2019-11-13,23.55,16.17,100.74,3.2
2019-11-14,18.96,10.38,101.08,3.38
2019-11-15,20.37,12.57,100.52,2.07
2019-11-16,22.73,15.62,100.18,3.76
2019-11-17,24.57,17.21,100.09,3.52
2019-11-18,20.26,12.88,100.76,4.76
2019-11-19,17.15,9.34,100.99,2.69
2019-11-20,18.3,10.25,100.9,1.89
2019-11-21,19.04,10.99,100.87,1.63
2019-11-22,19.69,12.27,100.66,1.98
2019-11-23,21.61,14.4,100.46,2.87
2019-11-24,22.25,14.83,100.59,2.79
2019-11-25,19.74,12.15,100.98,3.29
2019-11-26,18.3,10.62,100.91,2.13
2019-11-27,20.72,13.43,100.9,2.42
2019-11-28,16.21,8.73,101.27,3.38
2019-11-29,16.27,9.52,101.08,2.45
2019-11-30,18.49,12.08,100.8,2.02
2019-12-01,18.65,11.72,100.9,4.06
2019-12-02,14.12,6.96,101.48,4.23
2019-12-03,13.8,6.23,101.38,2.71
2019-12-04,13.31,6.35,101.4,3.49
2019-12-05,12.73,6.16,101.59,4.11
2019-12-06,12.07,5.8,101.74,4.13
2019-12-07,11.18,5.25,101.61,3.03
2019-12-08,12.0,5.19,101.46,2.19
2019-12-09,13.99,5.68,101.14,2.02
2019-12-10,13.94,5.92,100.86,1.8
2019-12-11,14.25,6.35,100.85,1.77
2019-12-12,14.76,7.39,100.9,1.96
2019-12-13,16.69,10.13,101.04,1.61
2019-12-14,18.94,12.15,100.94,1.7
2019-12-15,20.63,13.67,100.68,2.3
2019-12-16,20.91,13.73,100.53,2.27
2019-12-17,21.61,14.28,100.57,1.75
2019-12-18,22.26,15.2,100.58,2.81
2019-12-19,17.33,10.86,100.82,3.12
2019-12-20,15.15,9.34,100.85,2.27
2019-12-21,17.43,11.29,100.65,2.16
2019-12-22,16.85,10.8,100.57,2.4
2019-12-23,19.94,13.0,100.35,1.7
2019-12-24,21.56,14.4,100.47,3.18
2019-12-25,21.87,14.59,100.27,3.71
2019-12-26,18.42,11.35,100.74,3.79
2019-12-27,14.59,7.08,101.12,2.55
2019-12-28,15.83,9.03,100.85,1.82
2019-12-29,17.69,10.56,100.73,1.07
2019-12-30,19.32,11.66,100.92,1.52
2019-12-31,18.99,10.74,101.33,2.66
2020-01-01,18.39,11.54,101.37,2.13
2020-01-02,20.65,13.06,101.16,1.58
2020-01-03,20.78,13.43,100.96,2.48
2020-01-04,20.63,13.61,100.77,3.17
2020-01-05,20.98,13.79,100.66,3.34
2020-01-06,21.08,13.67,100.55,4.23
2020-01-07,21.55,14.4,100.55,2.67
2020-01-08,21.55,13.92,100.6,3.2
2020-01-09,21.84,14.22,100.45,2.8
2020-01-10,21.84,14.34,100.28,3.91
2020-01-11,19.37,12.27,100.47,4.02
2020-01-12,15.01,8.12,100.8,2.7
2020-01-13,17.15,10.68,100.52,1.91
2020-01-14,20.95,13.67,100.4,4.31
2020-01-15,21.19,13.67,100.32,5.06
2020-01-16,20.99,13.43,100.51,3.12
2020-01-17,14.98,8.36,100.97,3.04
2020-01-18,15.76,9.77,100.79,1.89
2020-01-19,15.05,8.67,101.02,3.19
2020-01-20,16.43,10.25,100.94,1.78
2020-01-21,19.9,12.82,100.75,3.56
2020-01-22,21.21,13.79,100.5,3.91
2020-01-23,22.15,14.65,100.3,4.36
2020-01-24,22.12,15.08,100.3,4.17
2020-01-25,14.24,8.67,100.65,5.47
2020-01-26,13.46,6.84,100.82,3.34
2020-01-27,11.89,6.53,100.77,2.8
2020-01-28,12.55,6.84,100.93,2.95
2020-01-29,13.05,6.29,101.23,2.8
2020-01-30,13.06,6.16,101.17,2.45
2020-01-31,14.45,7.75,100.98,2.16
2020-02-01,16.5,10.56,100.82,2.39
2020-02-02,19.15,12.21,100.77,3.71
2020-02-03,18.83,12.02,100.69,4.16
2020-02-04,14.9,8.91,100.95,2.7
2020-02-05,15.14,9.58,100.8,2.09
2020-02-06,17.87,11.78,100.59,1.81
2020-02-07,18.42,11.72,100.88,3.04
2020-02-08,16.23,9.95,101.22,3.29
2020-02-09,13.73,8.0,101.53,3.23
2020-02-10,15.94,9.4,101.09,2.25
2020-02-11,19.39,12.33,100.7,3.23
2020-02-12,21.75,14.1,100.42,3.79
2020-02-13,23.15,15.01,100.02,2.73
2020-02-14,23.66,15.32,99.72,2.31
2020-02-15,22.58,12.7,100.08,3.34
2020-02-16,14.04,6.16,101.35,5.22
2020-02-17,13.23,5.92,101.66,3.51
2020-02-18,13.77,6.47,101.44,2.56
2020-02-19,16.32,9.09,101.17,1.97
2020-02-20,19.13,11.84,101.11,3.02
2020-02-21,19.58,12.02,101.42,3.01
2020-02-22,19.11,10.99,101.48,2.39
2020-02-23,18.95,10.68,101.2,2.81
2020-02-24,19.37,11.6,100.78,2.62
2020-02-25,20.38,12.57,100.62,2.9
2020-02-26,20.93,12.94,100.68,2.68
2020-02-27,21.63,13.49,100.64,2.77
2020-02-28,21.37,13.85,100.46,3.23
2020-02-29,22.14,14.28,100.24,3.46
2020-03-01,23.44,15.38,100.22,3.09
2020-03-02,23.37,15.38,100.26,4.01
2020-03-03,23.65,15.62,100.29,4.96
2020-03-04,17.46,10.62,100.73,4.74
2020-03-05,16.67,10.07,100.8,2.24
2020-03-06,20.38,12.63,100.38,2.27
2020-03-07,23.45,14.4,99.98,1.7
2020-03-08,26.08,14.53,99.5,2.85
2020-03-09,26.65,12.82,99.51,3.0
2020-03-10,20.1,10.74,100.45,4.37
2020-03-11,20.4,12.15,100.4,2.32
2020-03-12,24.3,15.99,100.08,2.95
2020-03-13,24.94,16.85,100.22,1.88
2020-03-14,20.71,11.9,100.78,3.97
2020-03-15,20.15,12.39,100.71,2.43
2020-03-16,22.2,14.83,100.48,2.75
2020-03-17,24.01,16.36,100.43,4.49
2020-03-18,21.32,14.1,100.29,3.3
2020-03-19,21.63,14.22,100.31,2.55
2020-03-20,21.44,13.98,100.28,1.8
2020-03-21,24.23,16.54,100.1,2.99
2020-03-22,24.87,16.72,100.09,2.05
2020-03-23,24.41,16.48,100.15,3.15
2020-03-24,24.15,15.56,100.11,4.14
2020-03-25,24.55,16.42,99.93,5.27
2020-03-26,25.94,17.4,99.85,4.42
2020-03-27,26.71,17.58,99.82,2.73
2020-03-28,22.69,13.79,100.12,3.39
2020-03-29,24.51,16.6,99.81,4.04
2020-03-30,22.86,15.44,99.92,3.61
2020-03-31,21.72,14.22,100.13,2.76
2020-04-01,20.41,12.94,100.25,2.05
2020-04-02,23.18,15.81,100.19,2.99
2020-04-03,24.78,17.03,100.23,4.11
2020-04-04,20.94,13.37,100.59,4.26
2020-04-05,18.32,11.11,100.78,3.54
2020-04-06,17.94,10.86,100.62,2.61
2020-04-07,19.76,11.54,100.5,2.38
2020-04-08,20.49,12.76,100.52,1.35
2020-04-09,21.99,13.92,100.56,2.05
2020-04-10,24.07,15.93,100.39,3.3
2020-04-11,25.91,17.58,100.27,2.66
2020-04-12,18.05,9.46,101.02,4.6
2020-04-13,16.3,8.85,100.97,2.45
2020-04-14,17.69,9.89,100.69,1.98
2020-04-15,20.69,12.94,100.35,2.6
2020-04-16,23.49,15.99,100.04,4.17
2020-04-17,24.36,17.52,100.05,3.7
2020-04-18,25.22,17.76,99.99,2.16
2020-04-19,26.93,18.31,99.85,2.02
2020-04-20,26.83,19.1,99.91,2.88
2020-04-21,27.5,19.65,99.82,2.73
2020-04-22,23.91,17.15,100.09,3.48
2020-04-23,18.57,11.84,100.65,3.95
2020-04-24,17.05,10.38,101.0,3.74
2020-04-25,17.9,10.99,100.88,1.87
2020-04-26,20.13,11.41,100.89,2.85
2020-04-27,22.19,11.35,100.77,2.21
2020-04-28,23.51,12.51,100.59,2.32
2020-04-29,24.39,14.47,100.45,2.02
2020-04-30,23.76,15.62,100.34,2.09
2020-05-01,25.08,17.33,100.02,3.31
2020-05-02,26.26,18.37,99.8,3.12
2020-05-03,28.08,19.9,99.73,2.69
2020-05-04,28.53,20.69,99.7,2.73
2020-05-05,29.93,20.75,99.53,2.64
2020-05-06,29.92,21.48,99.42,2.43
2020-05-07,29.24,22.64,99.36,2.68
2020-05-08,30.26,22.22,99.33,2.42
2020-05-09,28.45,20.39,99.57,2.1
2020-05-10,28.49,19.96,99.72,1.69
2020-05-11,28.98,21.0,99.79,2.19
2020-05-12,25.05,17.88,100.06,2.84
2020-05-13,26.5,18.8,99.9,2.6
2020-05-14,27.86,19.04,99.71,3.14
2020-05-15,29.18,19.9,99.36,2.7
2020-05-16,28.82,20.94,99.42,2.94
2020-05-17,28.62,21.42,99.32,2.66
2020-05-18,28.98,21.24,99.27,2.17
2020-05-19,28.68,20.75,99.29,2.18
2020-05-20,30.48,22.16,99.13,2.46
2020-05-21,32.4,21.73,99.09,2.45
2020-05-22,29.71,21.79,99.32,2.83
2020-05-23,27.9,20.51,99.56,2.78
2020-05-24,27.37,20.57,99.61,1.92
2020-05-25,29.84,21.48,99.52,2.5
2020-05-26,27.48,19.47,99.76,3.29
2020-05-27,25.62,17.58,99.96,1.98
2020-05-28,26.06,18.13,99.88,1.67
2020-05-29,27.33,19.78,99.66,2.54
2020-05-30,29.44,20.26,99.69,1.94
2020-05-31,29.76,20.69,99.71,1.84
2020-06-01,29.09,20.75,99.62,1.91
2020-06-02,28.84,20.81,99.44,2.99
2020-06-03,28.99,20.81,99.4,2.64
2020-06-04,29.18,21.48,99.34,2.46
2020-06-05,29.3,21.61,99.31,2.2
2020-06-06,29.27,21.48,99.24,2.14
2020-06-07,28.87,21.55,99.17,3.01
2020-06-08,29.91,21.12,99.16,2.95
2020-06-09,30.24,20.94,99.38,1.65
2020-06-10,29.51,21.73,99.49,1.78
2020-06-11,28.86,21.55,99.37,2.65
2020-06-12,29.58,21.61,99.14,2.64
2020-06-13,29.21,22.09,99.14,1.75
2020-06-14,28.3,22.34,99.36,2.72
2020-06-15,27.35,21.12,99.55,3.66
2020-06-16,27.66,20.57,99.43,3.73
2020-06-17,28.08,21.18,99.27,3.7
2020-06-18,28.78,21.12,99.36,2.65
2020-06-19,28.8,21.24,99.49,3.2
2020-06-20,28.62,21.42,99.45,3.33
2020-06-21,29.83,22.03,99.18,2.92
2020-06-22,30.34,21.97,99.17,2.53
2020-06-23,29.79,21.91,99.31,2.8
2020-06-24,29.84,21.79,99.25,2.41
2020-06-25,29.55,21.91,99.16,2.17
2020-06-26,28.62,21.79,99.25,3.16
2020-06-27,28.95,21.79,99.31,3.11
2020-06-28,29.33,22.09,99.3,2.6
2020-06-29,29.45,21.42,99.24,2.34
2020-06-30,27.91,21.79,99.18,2.69
2020-07-01,29.12,21.91,99.1,1.2
2020-07-02,28.97,21.91,99.14,1.83
2020-07-03,28.08,21.73,99.4,2.52
2020-07-04,28.14,21.61,99.52,3.08
2020-07-05,28.18,21.06,99.36,2.26
2020-07-06,28.58,21.91,99.31,2.9
2020-07-07,28.89,22.16,99.5,3.04
2020-07-08,29.32,21.91,99.36,2.17
2020-07-09,29.9,21.18,99.05,3.1
2020-07-10,29.44,21.12,99.08,3.02
2020-07-11,28.92,20.69,99.24,2.48
2020-07-12,28.12,19.84,99.36,2.52
2020-07-13,28.55,20.39,99.52,1.75
2020-07-14,28.8,21.24,99.58,2.09
2020-07-15,28.99,21.48,99.42,2.8
2020-07-16,29.07,21.73,99.31,3.12
2020-07-17,29.24,21.67,99.39,2.86
2020-07-18,29.09,21.85,99.43,2.94
2020-07-19,29.25,21.48,99.35,2.03
2020-07-20,29.03,21.12,99.51,1.88
2020-07-21,28.08,21.18,99.7,2.9
2020-07-22,27.87,20.81,99.67,3.58
2020-07-23,28.55,20.87,99.66,2.81
2020-07-24,28.6,21.06,99.67,2.72
2020-07-25,28.9,21.06,99.57,2.91
2020-07-26,29.14,21.79,99.44,2.33
2020-07-27,29.2,21.0,99.36,1.02
2020-07-28,28.17,20.32,99.58,1.2
2020-07-29,29.34,20.14,99.56,1.16
2020-07-30,29.56,20.81,99.48,1.68
2020-07-31,29.75,21.06,99.29,1.73
2020-08-01,28.14,21.18,98.93,4.43
2020-08-02,27.17,20.94,98.57,8.82
2020-08-03,27.37,21.36,98.91,4.53
2020-08-04,27.51,21.36,99.04,2.41
2020-08-05,27.29,20.94,99.31,1.82
2020-08-06,27.33,21.55,99.53,2.84
2020-08-07,28.0,21.36,99.54,2.98
2020-08-08,28.08,21.0,99.39,2.98
2020-08-09,29.07,21.24,99.23,2.23
2020-08-10,29.14,22.16,99.13,2.09
2020-08-11,29.05,20.63,99.2,2.26
2020-08-12,28.67,21.06,99.43,2.14
2020-08-13,27.44,21.48,99.53,2.75
2020-08-14,26.48,20.32,99.55,3.35
2020-08-15,26.37,19.78,99.52,3.55
2020-08-16,26.42,20.14,99.44,3.75
2020-08-17,25.93,19.84,99.45,2.87
2020-08-18,26.37,19.59,99.49,1.66
2020-08-19,26.58,20.26,99.47,2.22
2020-08-20,26.83,20.2,99.61,2.1
2020-08-21,26.39,19.96,99.79,1.98
2020-08-22,27.29,19.84,99.76,1.55
2020-08-23,27.62,20.26,99.58,1.91
2020-08-24,28.57,20.94,99.37,1.74
2020-08-25,29.29,20.81,99.3,2.27
2020-08-26,29.55,21.18,99.19,2.09
2020-08-27,29.94,21.3,99.09,1.61
2020-08-28,29.12,21.73,99.15,1.58
2020-08-29,29.19,21.06,99.34,1.43
2020-08-30,29.19,20.81,99.45,1.59
2020-08-31,28.89,19.65,99.67,1.1
2020-09-01,29.15,19.96,99.68,2.0
2020-09-02,29.69,20.69,99.69,1.59
2020-09-03,29.66,20.94,99.76,1.48
2020-09-04,29.3,20.57,99.7,1.64
2020-09-05,28.4,21.42,99.51,2.48
2020-09-06,29.7,21.67,99.32,1.48
2020-09-07,29.27,20.39,99.45,0.91
2020-09-08,26.7,20.08,99.87,1.46
2020-09-09,27.01,20.26,99.82,1.77
2020-09-10,27.83,20.87,99.48,2.72
2020-09-11,28.3,21.06,99.56,2.09
2020-09-12,28.19,21.85,99.84,2.11
2020-09-13,27.74,20.87,99.97,2.03
2020-09-14,27.79,20.69,99.83,2.52
2020-09-15,27.78,20.57,99.69,2.43
2020-09-16,27.96,21.3,99.55,2.3
2020-09-17,28.76,21.42,99.49,2.16
2020-09-18,24.0,16.11,99.69,7.16
2020-09-19,24.48,17.4,99.74,5.45
2020-09-20,25.47,18.92,99.84,2.37
2020-09-21,26.25,19.9,99.84,2.99
2020-09-22,26.9,20.51,99.8,2.6
2020-09-23,26.6,20.51,99.86,2.72
2020-09-24,25.3,17.82,100.04,2.62
2020-09-25,26.3,20.14,99.74,2.66
2020-09-26,27.45,20.75,99.65,2.41
2020-09-27,26.67,20.2,99.8,2.99
2020-09-28,26.5,20.02,99.83,2.5
2020-09-29,26.95,20.14,99.69,1.8
2020-09-30,27.48,20.39,99.56,1.88
2020-10-01,27.09,20.45,99.68,2.13
2020-10-02,27.22,20.39,99.77,2.09
2020-10-03,26.96,20.26,99.87,2.0
2020-10-04,26.95,20.08,99.87,1.88
2020-10-05,26.75,19.78,100.01,2.66
2020-10-06,22.56,14.89,100.38,3.39
2020-10-07,22.14,14.28,100.51,3.84
2020-10-08,21.52,13.55,100.58,3.88
2020-10-09,20.98,13.12,100.61,3.73
2020-10-10,21.25,13.06,100.41,2.89
2020-10-11,21.9,13.73,100.14,2.75
2020-10-12,23.14,15.2,100.03,3.4
2020-10-13,23.5,15.75,99.92,3.66
2020-10-14,22.69,16.24,99.64,6.6
2020-10-15,24.08,17.82,99.96,3.41
2020-10-16,21.9,14.77,100.35,5.61
2020-10-17,19.4,12.21,100.59,5.15
2020-10-18,19.29,12.76,100.55,4.49
2020-10-19,18.51,11.84,100.65,4.3
2020-10-20,19.73,12.45,100.71,3.56
2020-10-21,20.53,11.9,100.66,3.3
2020-10-22,20.33,11.6,100.43,3.79
2020-10-23,19.85,10.8,100.46,3.38
2020-10-24,20.18,10.99,100.43,2.55
2020-10-25,20.66,12.51,100.35,2.8
2020-10-26,21.98,15.01,100.32,2.91
2020-10-27,23.64,15.99,100.26,2.08
2020-10-28,23.58,16.24,100.28,4.3
2020-10-29,20.9,14.04,100.54,5.97
2020-10-30,20.12,13.55,100.76,3.12
2020-10-31,22.11,15.01,100.68,2.14
2020-11-01,23.55,15.62,100.51,1.46
2020-11-02,21.64,14.34,100.71,3.43
2020-11-03,19.9,11.84,100.87,3.19
2020-11-04,20.33,11.78,100.75,2.12
2020-11-05,20.8,12.94,100.63,1.84
2020-11-06,22.36,14.47,100.74,1.87
2020-11-07,21.72,13.18,100.9,3.23
2020-11-08,21.16,12.33,100.95,3.4
2020-11-09,19.12,10.44,100.91,3.75
2020-11-10,17.58,9.28,100.93,3.35
2020-11-11,18.26,10.13,101.04,2.73
2020-11-12,20.05,10.74,100.96,2.73
2020-11-13,19.31,10.44,100.79,3.04
2020-11-14,18.71,10.5,100.75,3.45
2020-11-15,19.06,12.39,100.74,4.07
2020-11-16,21.15,14.89,100.5,3.5
2020-11-17,23.55,16.6,100.21,3.39
2020-11-18,23.94,16.91,100.09,2.92
2020-11-19,24.19,16.6,100.04,2.16
2020-11-20,24.16,16.91,100.09,2.68
2020-11-21,24.2,16.97,100.18,2.47
2020-11-22,23.91,16.78,100.49,2.54
2020-11-23,22.36,15.2,100.71,3.09
2020-11-24,20.99,14.22,100.75,2.59
2020-11-25,22.37,15.08,100.67,2.48
2020-11-26,22.48,15.2,100.79,2.59
2020-11-27,18.73,11.41,101.14,3.15
2020-11-28,16.05,9.22,101.33,3.66
2020-11-29,15.23,8.3,101.33,3.11
2020-11-30,14.74,8.0,101.36,3.27
2020-12-01,14.72,8.42,101.28,2.59
2020-12-02,15.69,9.34,101.14,2.27
2020-12-03,15.06,8.3,101.25,3.74
2020-12-04,12.9,7.02,101.33,3.39
2020-12-05,12.51,6.71,101.31,2.25
2020-12-06,13.28,7.57,101.07,1.99
2020-12-07,14.64,8.54,101.21,2.84
2020-12-08,14.19,7.87,101.18,2.72
2020-12-09,15.12,8.85,100.76,1.7
2020-12-10,16.4,9.58,100.72,1.8
2020-12-11,17.21,10.8,100.54,1.9
2020-12-12,18.7,12.33,100.36,2.18
2020-12-13,20.75,13.85,100.09,1.96
2020-12-14,17.52,10.86,100.66,3.98
2020-12-15,12.42,7.08,101.27,3.59
2020-12-16,11.38,6.65,101.45,3.55
2020-12-17,10.85,6.53,101.28,2.93
2020-12-18,10.84,6.23,101.4,3.69
2020-12-19,11.17,6.04,101.62,3.77
2020-12-20,10.6,5.37,101.68,3.89
2020-12-21,11.17,5.49,101.47,2.94
2020-12-22,12.52,6.47,101.01,2.38
2020-12-23,14.11,8.06,100.75,1.66
2020-12-24,15.19,8.61,100.79,2.23
2020-12-25,14.47,8.36,100.79,1.93
2020-12-26,16.57,10.56,100.55,1.47
2020-12-27,20.08,13.12,100.4,1.64
2020-12-28,21.28,14.28,100.18,3.87
2020-12-29,21.23,13.79,100.4,3.36
2020-12-30,12.26,5.68,101.6,5.63
2020-12-31,9.19,4.7,101.72,3.2
2021-01-01,9.52,4.33,101.53,2.2
2021-01-02,10.43,5.37,101.17,2.02
2021-01-03,12.56,6.53,101.13,1.83
2021-01-04,13.05,7.2,101.05,2.13
2021-01-05,14.98,8.36,100.99,1.79
2021-01-06,13.65,7.57,100.93,2.34
2021-01-07,11.8,6.71,101.11,4.24
2021-01-08,8.3,4.64,101.66,4.98
2021-01-09,7.83,4.27,101.51,3.13
2021-01-10,8.66,4.7,101.39,2.92
2021-01-11,8.8,4.46,101.91,4.69
2021-01-12,10.58,4.7,101.55,2.45
2021-01-13,12.12,5.74,100.87,1.91
2021-01-14,13.73,7.93,100.68,1.44
2021-01-15,14.86,9.52,100.48,1.62
2021-01-16,16.05,10.07,100.59,1.75
2021-01-17,12.83,7.32,101.54,4.04
2021-01-18,11.26,5.62,101.42,2.48
2021-01-19,12.84,6.84,100.82,2.05
2021-01-20,14.77,9.34,100.61,2.25
2021-01-21,17.11,10.56,100.51,1.7
2021-01-22,18.23,10.93,100.48,1.27
2021-01-23,17.89,10.99,100.46,1.87
2021-01-24,18.39,11.54,100.29,3.7
2021-01-25,19.84,12.94,100.44,3.03
2021-01-26,18.98,12.08,100.59,2.77
2021-01-27,18.35,11.72,100.56,2.86
2021-01-28,16.4,9.34,101.13,3.73
2021-01-29,15.5,8.73,101.07,2.45
2021-01-30,16.57,10.13,100.9,2.52
2021-01-31,18.17,11.41,100.84,2.86
2021-02-01,19.5,12.27,100.73,2.62
2021-02-02,19.02,12.08,100.81,2.98
2021-02-03,19.26,12.02,100.87,2.65
2021-02-04,19.09,12.02,100.91,3.1
2021-02-05,19.15,11.9,100.77,2.71
2021-02-06,19.08,11.6,100.62,2.61
2021-02-07,19.8,12.08,100.53,2.25
2021-02-08,19.86,12.21,100.65,2.38
2021-02-09,15.44,9.7,100.66,5.05
2021-02-10,16.37,8.73,100.62,2.16
2021-02-11,16.59,9.4,100.64,2.01
2021-02-12,17.3,10.01,100.69,1.8
2021-02-13,17.61,10.13,100.66,2.43
2021-02-14,18.61,10.68,100.62,1.83
2021-02-15,19.3,11.96,100.33,3.05
2021-02-16,20.3,13.06,100.44,2.84
2021-02-17,17.72,9.58,101.06,3.16
2021-02-18,18.28,9.7,101.27,2.35
2021-02-19,18.51,9.95,101.22,1.78
2021-02-20,18.68,10.44,100.87,2.09
2021-02-21,19.6,11.35,100.49,3.03
2021-02-22,20.74,13.0,100.41,2.37
2021-02-23,21.03,13.0,100.34,2.5
2021-02-24,21.27,13.49,99.99,4.42
2021-02-25,23.29,14.95,99.63,3.46
2021-02-26,23.44,14.77,99.7,2.88
2021-02-27,17.22,9.77,100.28,3.04
2021-02-28,19.34,12.88,100.2,2.09
2021-03-01,23.51,15.32,100.37,2.74
2021-03-02,17.59,9.28,100.95,3.91
2021-03-03,17.99,11.11,100.77,1.76
2021-03-04,19.84,12.7,100.5,2.53
2021-03-05,22.62,14.89,100.18,3.26
2021-03-06,23.86,15.32,100.31,1.83
2021-03-07,19.98,12.15,100.7,2.96
2021-03-08,21.53,13.85,100.58,2.61
2021-03-09,22.6,14.83,100.53,4.59
2021-03-10,22.98,14.83,100.5,4.41
2021-03-11,23.15,14.95,100.6,3.83
2021-03-12,22.74,14.47,100.68,2.99
2021-03-13,22.35,14.22,100.61,2.86
2021-03-14,22.21,14.04,100.31,3.23
2021-03-15,23.31,15.26,100.04,4.52
2021-03-16,23.87,15.93,100.0,4.38
2021-03-17,24.35,16.3,99.97,4.24
2021-03-18,24.0,16.42,99.93,3.5
2021-03-19,24.92,16.66,99.82,4.05
2021-03-20,24.79,17.27,99.79,3.73
2021-03-21,18.26,10.44,100.7,5.25
2021-03-22,16.18,7.81,101.35,4.21
2021-03-23,16.93,8.79,100.99,1.91
2021-03-24,19.18,11.41,100.51,1.96
2021-03-25,21.83,14.1,100.28,3.76
2021-03-26,23.54,15.75,100.03,4.68
2021-03-27,24.4,17.03,99.84,3.98
2021-03-28,24.71,17.52,99.72,3.44
2021-03-29,27.07,18.43,99.34,2.62
2021-03-30,27.84,18.74,99.13,2.59
2021-03-31,28.3,17.88,99.1,2.73
2021-04-01,27.43,17.7,99.24,1.9
2021-04-02,26.83,18.74,99.58,2.83
2021-04-03,25.99,18.43,99.92,3.38
2021-04-04,24.69,17.09,100.18,2.74
2021-04-05,22.74,14.83,100.45,3.02
2021-04-06,24.39,16.11,100.46,3.33
2021-04-07,24.99,16.36,100.29,2.95
2021-04-08,25.15,16.85,100.13,3.18
2021-04-09,21.37,13.06,100.46,2.92
2021-04-10,23.09,15.14,100.5,3.2
2021-04-11,24.64,16.17,100.47,4.16
2021-04-12,25.3,17.15,100.29,3.7
2021-04-13,25.29,17.4,100.13,3.81
2021-04-14,25.87,18.01,99.97,3.32
2021-04-15,25.73,18.31,99.86,3.52
2021-04-16,25.76,18.37,100.02,3.28
2021-04-17,23.2,16.17,100.39,2.83
2021-04-18,23.55,15.62,100.22,1.96
2021-04-19,26.3,17.58,99.81,2.64
2021-04-20,27.48,18.49,99.69,2.67
2021-04-21,27.8,19.23,99.78,3.53
2021-04-22,27.61,19.41,99.73,3.34
2021-04-23,27.58,19.65,99.52,4.22
2021-04-24,27.92,20.57,99.52,3.38
2021-04-25,26.91,20.57,99.77,3.04
2021-04-26,24.23,17.33,100.01,3.41
2021-04-27,23.08,15.14,100.29,2.04
2021-04-28,24.22,15.93,100.44,2.73
2021-04-29,22.59,13.06,100.53,2.86
2021-04-30,24.54,15.01,100.17,2.0
2021-05-01,24.76,16.97,100.11,1.93
2021-05-02,25.94,18.49,99.97,3.05
2021-05-03,27.47,19.47,99.7,4.06
2021-05-04,28.44,19.84,99.7,2.4
2021-05-05,25.21,18.37,100.09,2.33
2021-05-06,25.92,17.58,100.25,1.85
2021-05-07,26.81,18.55,100.14,2.81
2021-05-08,27.18,19.53,99.84,2.23
2021-05-09,27.84,19.71,99.63,2.04
2021-05-10,29.23,19.96,99.45,3.17
2021-05-11,29.8,20.39,99.42,2.41
2021-05-12,29.81,20.87,99.4,1.62
2021-05-13,29.05,21.48,99.41,2.8
2021-05-14,28.58,21.36,99.43,3.9
2021-05-15,29.7,21.91,99.45,3.43
2021-05-16,29.02,21.91,99.49,3.55
2021-05-17,28.98,21.97,99.6,3.42
2021-05-18,28.47,21.91,99.53,3.6
2021-05-19,29.04,22.22,99.33,2.98
2021-05-20,29.22,22.34,99.37,2.24
2021-05-21,29.02,22.22,99.31,2.49
2021-05-22,29.54,22.34,99.14,2.78
2021-05-23,29.57,22.52,99.35,1.98
2021-05-24,26.71,18.8,99.86,3.96
2021-05-25,25.79,18.31,99.8,2.4
2021-05-26,28.01,20.2,99.64,2.41
2021-05-27,28.55,20.69,99.71,2.4
2021-05-28,28.11,21.36,99.73,2.3
2021-05-29,28.39,21.85,99.48,2.38
2021-05-30,28.97,21.73,99.31,1.91
2021-05-31,30.52,21.79,99.14,1.91
2021-06-01,30.83,22.22,99.19,2.14
2021-06-02,30.6,22.95,99.22,1.31
2021-06-03,31.3,22.22,99.28,1.48
2021-06-04,26.37,16.97,99.73,3.86
2021-06-05,26.86,17.88,99.58,1.62
2021-06-06,28.11,19.71,99.37,1.91
2021-06-07,27.7,20.69,99.42,2.09
2021-06-08,27.8,20.75,99.49,2.77
2021-06-09,28.01,20.51,99.38,1.5
2021-06-10,27.59,20.81,99.27,1.7
2021-06-11,27.96,20.51,99.35,2.56
2021-06-12,28.55,20.75,99.29,3.56
2021-06-13,27.49,20.45,99.09,6.54
2021-06-14,27.93,20.57,99.09,4.16
2021-06-15,28.91,19.71,99.0,3.12
2021-06-16,29.56,20.51,99.16,2.38
2021-06-17,29.6,20.81,99.35,2.55
2021-06-18,30.26,21.18,99.35,2.31
2021-06-19,30.63,20.69,99.18,2.91
2021-06-20,31.03,20.57,98.98,3.15
2021-06-21,30.48,21.06,99.04,2.16
2021-06-22,30.46,21.55,99.28,1.46
2021-06-23,28.72,21.36,99.35,1.7
2021-06-24,28.5,20.94,99.28,2.53
2021-06-25,28.26,20.45,99.26,2.86
2021-06-26,28.15,21.24,99.35,3.46
2021-06-27,28.68,21.24,99.31,2.93
2021-06-28,28.36,21.36,99.12,3.48
2021-06-29,29.5,20.87,99.09,2.16
2021-06-30,29.33,21.42,99.16,3.09
2021-07-01,29.22,21.36,99.13,2.73
2021-07-02,29.6,21.24,99.23,2.77
2021-07-03,29.9,21.18,99.26,2.21
2021-07-04,29.86,21.42,99.32,1.48
2021-07-05,28.85,22.52,99.4,2.65
2021-07-06,28.49,21.3,99.43,2.53
2021-07-07,28.02,21.12,99.49,1.89
2021-07-08,27.58,21.0,99.53,4.45
2021-07-09,27.83,20.75,99.79,3.49
2021-07-10,27.86,19.84,99.84,2.45
2021-07-11,27.8,20.02,99.9,2.54
2021-07-12,27.83,20.26,99.82,3.32
2021-07-13,28.34,21.24,99.59,3.52
2021-07-14,28.19,21.42,99.55,3.48
2021-07-15,27.87,20.57,99.7,2.95
2021-07-16,27.96,19.9,99.76,2.22
2021-07-17,29.25,20.57,99.4,1.64
2021-07-18,28.97,21.97,99.15,1.74
2021-07-19,28.54,20.45,99.21,1.23
2021-07-20,28.61,20.63,99.23,1.6
2021-07-21,28.33,20.94,99.13,1.54
2021-07-22,28.28,20.69,98.93,2.0
2021-07-23,27.13,21.18,98.81,3.77
2021-07-24,28.83,21.67,98.87,3.65
2021-07-25,29.26,21.18,98.99,1.76
2021-07-26,29.23,20.39,98.94,1.97
2021-07-27,30.01,21.42,98.81,1.64
2021-07-28,29.33,21.67,98.8,1.59
2021-07-29,29.55,21.55,98.94,1.78
2021-07-30,30.13,21.85,98.99,1.88
2021-07-31,30.49,22.4,98.91,1.91
2021-08-01,28.92,21.67,98.86,1.46
2021-08-02,28.61,20.63,98.9,2.15
2021-08-03,29.5,21.36,99.0,2.1
2021-08-04,30.58,21.61,99.02,2.06
2021-08-05,30.88,21.79,98.91,2.7
2021-08-06,29.08,21.67,98.99,3.34
2021-08-07,30.32,21.67,99.11,2.36
2021-08-08,30.08,21.85,99.21,1.85
2021-08-09,29.68,21.97,99.18,1.96
2021-08-10,28.55,21.97,99.22,2.04
2021-08-11,27.89,22.03,99.46,3.35
2021-08-12,28.22,21.0,99.58,2.26
2021-08-13,28.51,21.36,99.25,2.62
2021-08-14,27.62,21.0,99.17,2.44
2021-08-15,26.48,20.63,99.54,2.83
2021-08-16,27.94,20.39,99.89,1.78
2021-08-17,28.88,19.9,99.82,1.69
2021-08-18,28.72,20.14,99.62,1.95
2021-08-19,28.43,20.2,99.58,1.46
2021-08-20,28.59,20.2,99.73,2.16
2021-08-21,28.87,21.0,99.65,2.54
2021-08-22,29.28,21.61,99.36,2.52
2021-08-23,29.09,22.03,99.29,2.47
2021-08-24,28.92,21.79,99.37,2.23
2021-08-25,28.22,21.55,99.51,2.64
2021-08-26,27.88,20.87,99.76,2.76
2021-08-27,27.55,20.26,99.87,2.5
2021-08-28,26.56,19.65,99.88,1.52
2021-08-29,26.81,18.55,99.92,1.27
2021-08-30,27.27,19.04,99.93,1.55
2021-08-31,27.78,19.47,99.94,1.12
2021-09-01,27.72,19.84,99.85,1.35
2021-09-02,27.61,20.02,99.72,1.52
2021-09-03,27.81,19.84,99.52,1.41
2021-09-04,27.81,20.39,99.53,1.86
2021-09-05,27.21,20.57,99.76,2.25
2021-09-06,27.72,18.98,100.04,1.27
2021-09-07,27.09,20.02,99.97,2.45
2021-09-08,26.76,20.32,99.8,3.53
2021-09-09,27.49,19.84,99.9,2.29
2021-09-10,28.36,19.29,99.84,1.69
2021-09-11,29.16,20.2,99.55,1.84
2021-09-12,30.01,20.87,99.27,1.47
2021-09-13,28.44,21.24,99.52,1.47
2021-09-14,27.15,21.3,99.92,2.41
2021-09-15,26.78,20.75,100.09,2.12
2021-09-16,26.56,19.65,99.98,1.74
2021-09-17,26.93,20.39,99.82,2.31
2021-09-18,27.0,20.2,99.86,2.68
2021-09-19,27.03,19.65,99.94,2.12
2021-09-20,27.33,19.84,99.97,1.57
2021-09-21,27.13,19.17,99.92,1.43
2021-09-22,26.12,19.29,99.89,1.95
2021-09-23,26.21,19.65,100.07,1.92
2021-09-24,25.88,19.9,100.11,3.2
2021-09-25,26.07,19.65,100.08,3.01
2021-09-26,26.71,19.96,100.08,2.22
2021-09-27,26.15,18.8,100.08,1.24
2021-09-28,27.03,18.37,99.97,1.56
2021-09-29,27.55,19.04,99.84,1.3
2021-09-30,27.53,19.35,99.85,1.68
2021-10-01,27.02,19.84,99.86,1.92
2021-10-02,26.48,19.17,99.96,1.88
2021-10-03,25.77,18.62,99.99,2.03
2021-10-04,26.81,18.92,100.09,1.46
2021-10-05,26.15,19.35,100.06,2.27
2021-10-06,27.15,19.41,99.83,1.56
2021-10-07,27.66,19.23,99.57,2.59
2021-10-08,25.52,16.78,99.54,4.27
2021-10-09,24.13,16.85,99.54,4.48
2021-10-10,24.05,17.4,99.33,6.53
2021-10-11,22.15,15.32,99.8,5.95
2021-10-12,21.15,12.88,100.06,4.21
2021-10-13,20.89,13.31,99.71,6.24
2021-10-14,20.81,13.92,99.66,8.16
2021-10-15,21.94,15.08,100.1,4.7
2021-10-16,19.98,12.63,100.7,5.81
2021-10-17,18.58,11.23,100.99,5.34
2021-10-18,18.31,11.72,100.84,3.16
2021-10-19,22.08,15.26,100.66,1.92
2021-10-20,25.33,18.49,100.3,2.98
2021-10-21,20.44,14.04,100.57,4.25
2021-10-22,17.73,10.68,101.09,3.48
2021-10-23,18.23,10.38,101.12,2.8
2021-10-24,19.18,11.05,101.0,2.62
2021-10-25,20.4,10.99,100.69,1.84
2021-10-26,21.65,12.27,100.55,1.35
2021-10-27,21.87,13.37,100.65,2.62
2021-10-28,20.9,14.1,100.68,2.2
2021-10-29,22.26,15.87,100.65,2.77
2021-10-30,20.3,13.73,100.81,3.14
2021-10-31,21.04,14.4,100.69,1.75
2021-11-01,22.48,15.93,100.6,2.49
2021-11-02,22.91,16.36,100.59,3.03
2021-11-03,22.84,15.99,100.48,2.21
2021-11-04,24.5,17.4,100.21,2.96
2021-11-05,25.25,18.43,99.94,3.45
2021-11-06,25.66,18.86,99.77,3.31
2021-11-07,22.94,15.62,100.27,3.7
2021-11-08,16.5,9.16,101.1,4.21
2021-11-09,15.87,7.75,101.09,2.16
2021-11-10,16.51,8.18,101.03,2.16
2021-11-11,18.42,9.52,100.72,1.98
2021-11-12,18.58,10.38,100.91,2.88
2021-11-13,17.72,9.46,100.92,2.85
2021-11-14,18.3,10.07,100.74,1.97
2021-11-15,19.01,11.96,100.57,1.71
2021-11-16,20.89,14.16,100.48,2.34
2021-11-17,19.67,12.76,100.74,3.49
2021-11-18,18.32,10.8,100.57,2.32
2021-11-19,20.14,13.43,100.04,2.77
2021-11-20,23.05,16.17,99.9,3.05
2021-11-21,24.25,17.15,100.18,3.08
2021-11-22,17.33,10.01,100.91,4.84
2021-11-23,14.39,7.69,101.21,3.2
2021-11-24,14.19,8.0,101.15,2.76
2021-11-25,16.99,9.77,100.91,1.97
2021-11-26,18.66,9.95,100.9,2.36
2021-11-27,17.93,9.64,101.0,2.66
2021-11-28,18.35,9.52,100.92,2.14
2021-11-29,19.47,10.44,100.84,2.02
2021-11-30,17.74,9.77,101.17,4.05
2021-12-01,14.83,6.84,101.26,2.84
2021-12-02,13.58,6.59,101.26,2.7
2021-12-03,14.93,6.9,101.21,2.17
2021-12-04,15.58,7.14,101.15,1.96
2021-12-05,15.62,7.39,101.11,2.36
2021-12-06,16.19,7.39,101.05,2.06
2021-12-07,15.49,7.32,101.03,2.05
2021-12-08,16.68,8.61,101.12,1.61
2021-12-09,17.7,10.93,101.19,2.09
2021-12-10,18.45,11.72,100.93,2.03
2021-12-11,19.16,12.15,100.93,1.93
2021-12-12,17.97,10.8,101.2,3.67
2021-12-13,15.8,8.24,101.23,2.54
2021-12-14,16.01,9.4,100.75,1.77
2021-12-15,17.8,11.29,100.45,1.65
2021-12-16,19.98,12.08,100.52,0.99
2021-12-17,17.69,9.89,101.06,4.03
2021-12-18,14.11,7.14,101.34,3.63
2021-12-19,13.92,6.84,101.18,2.65
2021-12-20,15.88,8.36,100.78,2.54
2021-12-21,15.74,8.97,100.75,2.15
2021-12-22,16.68,9.4,100.68,2.05
2021-12-23,17.39,10.38,100.52,1.84
2021-12-24,18.62,11.84,100.58,1.34
2021-12-25,18.57,11.78,100.89,2.9
2021-12-26,13.85,7.93,101.41,4.07
2021-12-27,9.65,5.68,101.77,3.66
2021-12-28,11.01,6.65,101.45,1.95
2021-12-29,13.17,8.18,101.39,2.11
2021-12-30,14.03,7.87,101.55,2.6
2021-12-31,14.79,8.48,101.41,1.88
2022-01-01,15.81,9.46,101.37,2.27
2022-01-02,15.56,9.28,101.2,1.89
2022-01-03,16.5,10.44,100.95,1.67
2022-01-04,18.11,11.23,100.74,1.73
2022-01-05,19.02,12.08,100.58,1.66
2022-01-06,19.58,12.76,100.68,2.6
2022-01-07,18.19,11.54,100.92,3.04
2022-01-08,18.12,11.6,100.79,3.41
2022-01-09,14.2,8.67,100.8,2.67
2022-01-10,16.05,9.89,100.71,2.18
2022-01-11,14.81,7.39,101.15,2.99
2022-01-12,15.17,8.79,100.92,1.68
2022-01-13,15.17,9.22,101.09,2.27
2022-01-14,16.28,10.13,100.8,1.84
2022-01-15,18.91,12.33,100.64,2.4
2022-01-16,19.91,12.82,100.67,3.89
2022-01-17,13.37,8.3,101.19,3.66
2022-01-18,15.25,7.93,101.16,2.28
2022-01-19,14.36,8.36,100.92,1.41
2022-01-20,16.39,9.89,100.59,1.99
2022-01-21,17.8,11.78,100.44,3.03
2022-01-22,20.23,13.24,100.05,3.42
2022-01-23,21.26,13.37,100.05,1.59
2022-01-24,21.16,13.12,100.16,1.87
2022-01-25,19.35,12.51,100.36,3.12
2022-01-26,20.03,12.88,100.36,2.75
2022-01-27,21.52,14.1,100.34,3.79
2022-01-28,21.38,13.85,100.29,4.0
2022-01-29,15.33,9.52,100.41,4.24
2022-01-30,11.68,6.59,100.77,3.45
2022-01-31,10.8,6.9,100.91,3.65
2022-02-01,11.8,7.02,100.89,2.38
2022-02-02,11.27,7.2,100.97,3.14
2022-02-03,11.52,6.59,101.06,2.57
2022-02-04,12.35,7.08,101.23,2.88
2022-02-05,12.94,7.51,101.22,2.32
2022-02-06,15.07,9.89,100.76,2.5
2022-02-07,19.16,12.15,100.38,1.84
2022-02-08,17.55,10.93,100.55,3.59
2022-02-09,13.57,8.3,100.83,3.09
2022-02-10,15.9,10.13,100.53,2.29
2022-02-11,18.84,12.27,100.38,2.2
2022-02-12,18.8,12.39,100.28,4.37
2022-02-13,14.61,9.03,100.47,4.18
2022-02-14,14.08,7.81,100.78,2.53
2022-02-15,15.89,9.7,100.61,1.8
2022-02-16,18.3,11.9,100.2,2.2
2022-02-17,21.48,14.34,99.87,2.91
2022-02-18,23.58,16.11,99.92,3.6
2022-02-19,11.77,7.51,100.88,6.59
2022-02-20,7.25,5.37,101.34,5.01
2022-02-21,8.65,5.62,101.36,3.53
2022-02-22,10.43,6.04,101.45,3.84
2022-02-23,11.1,6.1,101.7,3.05
2022-02-24,11.84,6.23,101.65,2.52
2022-02-25,13.3,7.57,101.31,1.84
2022-02-26,15.52,9.09,101.16,1.45
2022-02-27,16.55,9.95,100.82,2.24
2022-02-28,18.34,11.72,100.53,2.95
2022-03-01,20.14,12.94,100.59,2.3
2022-03-02,20.61,12.82,100.61,2.36
2022-03-03,21.23,13.55,100.34,3.15
2022-03-04,21.8,14.53,100.2,3.51
2022-03-05,22.09,14.77,100.1,3.48
2022-03-06,23.24,15.93,100.08,3.42
2022-03-07,20.63,11.54,100.81,3.01
2022-03-08,19.26,10.44,100.55,3.02
2022-03-09,19.03,12.02,100.29,3.45
2022-03-10,20.12,12.7,100.3,3.69
2022-03-11,20.9,13.43,100.16,3.31
2022-03-12,21.8,14.28,100.03,4.22
2022-03-13,22.33,14.89,100.02,3.94
2022-03-14,22.41,14.89,100.02,3.25
2022-03-15,23.1,15.14,99.98,2.22
2022-03-16,22.51,15.56,99.79,2.97
2022-03-17,24.43,16.85,99.73,2.55
2022-03-18,23.4,16.48,99.84,2.31
2022-03-19,24.79,17.03,99.59,3.42
2022-03-20,25.47,17.4,99.58,3.77
2022-03-21,26.85,18.43,99.69,3.49
2022-03-22,27.37,18.8,99.86,2.77
2022-03-23,18.9,11.6,100.44,3.99
2022-03-24,20.73,13.61,99.99,3.75
2022-03-25,25.91,17.64,99.62,3.12
2022-03-26,28.04,18.13,99.71,2.05
2022-03-27,21.84,12.21,100.42,4.37
2022-03-28,19.19,11.17,100.63,2.39
2022-03-29,20.75,13.06,100.36,2.61
2022-03-30,23.4,15.5,100.27,2.8
2022-03-31,24.74,16.36,100.44,2.44
2022-04-01,17.19,9.89,101.2,5.85
2022-04-02,16.62,8.48,101.47,5.27
2022-04-03,17.75,8.12,101.13,3.08
2022-04-04,19.05,9.58,101.01,2.41
2022-04-05,20.78,10.99,100.94,1.74
2022-04-06,22.9,12.33,100.73,2.08
2022-04-07,23.89,12.21,100.62,2.82
2022-04-08,22.99,11.9,100.45,2.06
2022-04-09,22.26,12.21,100.17,2.74
2022-04-10,22.38,13.61,100.04,2.2
2022-04-11,23.08,15.32,99.93,3.15
2022-04-12,25.23,16.78,99.6,3.09
2022-04-13,25.61,17.27,99.66,2.38
2022-04-14,25.59,17.03,99.67,3.58
2022-04-15,25.9,18.25,99.71,3.86
2022-04-16,23.34,16.3,99.92,4.73
2022-04-17,19.24,12.21,100.38,2.52
2022-04-18,18.63,11.35,100.74,3.27
2022-04-19,19.77,11.35,100.74,2.32
2022-04-20,21.35,12.94,100.42,1.3
2022-04-21,23.33,15.32,100.09,3.34
2022-04-22,25.39,17.09,99.83,4.17
2022-04-23,26.77,18.25,99.7,2.45
2022-04-24,28.22,19.41,99.41,2.94
2022-04-25,29.32,19.53,99.35,2.39
2022-04-26,29.65,19.78,99.31,1.84
2022-04-27,27.89,20.63,99.49,2.22
2022-04-28,27.12,20.45,99.7,3.11
2022-04-29,26.33,19.23,99.88,3.42
2022-04-30,26.46,18.55,99.97,2.89
2022-05-01,20.77,12.15,100.41,5.2
2022-05-02,19.95,10.38,100.65,3.56
2022-05-03,22.38,11.05,100.58,2.8
2022-05-04,23.03,11.54,100.39,2.02
2022-05-05,23.4,13.18,100.12,1.66
2022-05-06,23.67,14.83,100.06,1.08
2022-05-07,25.49,17.76,100.05,3.03
2022-05-08,25.86,17.88,99.98,3.63
2022-05-09,26.16,18.49,99.87,4.45
2022-05-10,28.09,19.65,99.6,2.39
2022-05-11,27.84,20.26,99.46,2.34
2022-05-12,27.84,20.57,99.32,2.23
2022-05-13,28.18,19.59,99.29,2.96
2022-05-14,25.31,17.58,99.67,2.8
2022-05-15,24.33,15.99,99.95,3.81
2022-05-16,20.69,12.57,100.41,2.97
2022-05-17,22.9,13.31,100.28,2.05
2022-05-18,23.76,15.08,100.17,2.32
2022-05-19,25.87,17.64,99.98,2.66
2022-05-20,26.16,18.19,99.78,2.56
2022-05-21,24.76,17.82,99.56,3.33
2022-05-22,25.24,18.92,99.13,4.37
2022-05-23,25.72,19.9,99.17,4.34
2022-05-24,26.3,20.26,99.5,4.13
2022-05-25,27.12,20.32,99.51,2.59
2022-05-26,28.32,20.81,99.17,1.6
2022-05-27,28.6,21.06,98.98,1.73
2022-05-28,27.64,21.42,99.05,2.49
2022-05-29,27.55,21.3,99.18,2.26
2022-05-30,27.29,21.3,99.28,1.88
2022-05-31,26.76,20.81,99.36,2.72
2022-06-01,27.81,20.81,99.35,2.7
2022-06-02,28.31,21.24,99.18,2.88
2022-06-03,28.64,21.24,99.1,2.7
2022-06-04,29.12,21.3,99.13,2.77
2022-06-05,29.3,20.94,99.12,2.38
2022-06-06,28.79,20.94,99.12,1.45
2022-06-07,26.86,20.32,99.24,2.31
2022-06-08,26.69,20.57,99.22,1.51
2022-06-09,28.62,20.69,99.2,2.02
2022-06-10,28.47,21.06,99.13,1.82
2022-06-11,28.24,20.69,99.28,1.99
2022-06-12,28.8,21.0,99.36,2.73
2022-06-13,28.8,20.39,99.4,1.67
2022-06-14,26.19,19.59,99.6,2.64
2022-06-15,25.86,18.62,99.71,2.06
2022-06-16,27.75,20.32,99.55,2.06
2022-06-17,28.85,20.87,99.35,2.67
2022-06-18,29.42,20.51,99.14,3.23
2022-06-19,28.72,20.26,99.12,3.11
2022-06-20,29.39,21.48,98.94,3.17
2022-06-21,28.58,21.0,99.04,3.16
2022-06-22,28.87,21.0,99.41,2.05
2022-06-23,27.87,21.61,99.67,2.59
2022-06-24,27.59,20.81,99.63,2.66
2022-06-25,27.67,20.75,99.49,3.19
2022-06-26,27.72,20.87,99.56,2.91
2022-06-27,28.86,20.94,99.44,2.42
2022-06-28,29.46,21.12,99.19,2.04
2022-06-29,28.6,21.42,99.0,1.47
2022-06-30,27.7,21.42,99.11,1.97
2022-07-01,27.45,20.75,99.09,1.15
2022-07-02,29.61,21.0,98.82,2.62
2022-07-03,30.06,21.48,98.83,1.58
2022-07-04,29.01,21.97,98.88,2.09
2022-07-05,29.37,21.61,99.09,1.3
2022-07-06,28.37,21.06,99.28,1.63
2022-07-07,28.06,20.51,99.29,1.97
2022-07-08,26.91,20.51,99.37,2.05
2022-07-09,27.52,20.75,99.36,1.79
2022-07-10,27.75,20.39,99.46,1.24
2022-07-11,27.9,21.24,99.46,2.38
2022-07-12,28.11,21.55,99.42,2.55
2022-07-13,27.5,21.36,99.35,2.38
2022-07-14,28.06,21.42,99.37,2.66
2022-07-15,27.6,21.55,99.4,1.73
2022-07-16,28.18,21.79,99.39,2.59
2022-07-17,29.3,22.4,99.25,2.21
2022-07-18,30.28,22.03,99.04,2.2
2022-07-19,28.05,22.58,99.15,2.57
2022-07-20,28.16,22.34,99.53,2.89
2022-07-21,27.64,21.36,99.81,3.48
2022-07-22,27.09,20.63,99.97,3.11
2022-07-23,27.49,20.14,99.87,2.04
2022-07-24,28.17,20.87,99.68,2.32
2022-07-25,28.3,20.57,99.72,2.33
2022-07-26,28.43,21.12,99.64,2.33
2022-07-27,28.19,21.67,99.59,2.73
2022-07-28,28.31,21.67,99.57,2.56
2022-07-29,28.48,21.97,99.46,1.82
2022-07-30,28.09,21.48,99.37,2.17
2022-07-31,27.91,21.12,99.28,2.02
2022-08-01,28.19,21.12,99.4,2.24
2022-08-02,28.03,21.3,99.57,2.52
2022-08-03,28.37,20.69,99.59,1.43
2022-08-04,29.76,20.75,99.35,1.22
2022-08-05,28.12,20.39,99.3,1.17
2022-08-06,26.95,20.26,99.36,2.85
2022-08-07,27.04,19.9,99.49,1.58
2022-08-08,26.94,19.9,99.49,1.79
2022-08-09,27.83,19.53,99.34,1.05
2022-08-10,27.44,20.2,99.13,2.89
2022-08-11,26.04,20.32,99.0,5.45
2022-08-12,26.39,20.57,99.49,3.03
2022-08-13,27.04,19.96,99.58,1.65
2022-08-14,28.07,20.45,99.54,1.75
2022-08-15,28.41,21.12,99.43,1.53
2022-08-16,28.33,21.06,99.42,1.55
2022-08-17,27.82,20.39,99.44,1.06
2022-08-18,27.34,19.84,99.35,1.3
2022-08-19,28.58,20.69,99.28,1.29
2022-08-20,27.56,21.18,99.23,1.62
2022-08-21,26.84,20.81,99.17,5.27
2022-08-22,28.12,21.61,99.43,2.62
2022-08-23,28.94,21.0,99.5,1.11
2022-08-24,29.21,21.3,99.39,1.08
2022-08-25,28.9,22.03,99.0,2.34
2022-08-26,26.52,20.57,99.31,4.73
2022-08-27,27.58,20.81,99.72,2.42
2022-08-28,28.02,21.06,99.71,2.14
2022-08-29,27.84,21.0,99.87,2.35
2022-08-30,28.04,20.81,99.83,2.45
2022-08-31,28.28,20.81,99.66,1.62
2022-09-01,27.21,21.06,99.83,2.1
2022-09-02,28.18,19.65,99.81,2.05
2022-09-03,29.26,20.45,99.54,1.38
2022-09-04,27.38,20.45,99.66,3.25
2022-09-05,27.15,17.4,99.8,2.85
2022-09-06,28.26,17.7,99.81,2.32
2022-09-07,27.49,19.23,100.11,2.28
2022-09-08,26.26,20.39,100.25,2.95
2022-09-09,26.06,19.35,100.29,2.18
2022-09-10,26.94,19.23,100.13,1.52
2022-09-11,27.06,19.17,99.94,1.67
2022-09-12,26.93,18.86,99.91,1.58
2022-09-13,27.7,18.86,99.91,1.2
2022-09-14,28.07,18.8,99.84,1.47
2022-09-15,27.74,19.53,99.6,1.96
2022-09-16,27.15,20.69,99.37,1.77
2022-09-17,27.79,20.57,99.56,1.63
2022-09-18,28.29,20.26,99.64,1.36
2022-09-19,28.66,19.96,99.61,1.29
2022-09-20,28.23,20.02,99.67,1.58
2022-09-21,27.51,20.45,99.79,1.75
2022-09-22,26.98,20.2,99.89,2.71
2022-09-23,26.65,19.1,100.01,2.55
2022-09-24,25.87,18.92,99.99,2.53
2022-09-25,25.98,18.8,100.02,2.94
2022-09-26,26.86,18.31,99.96,1.98
2022-09-27,27.3,18.8,99.72,2.58
2022-09-28,25.21,18.49,99.56,4.06
2022-09-29,25.12,19.1,99.61,3.73
2022-09-30,26.0,18.62,99.8,1.8
2022-10-01,25.99,19.84,99.86,2.86
2022-10-02,25.94,20.02,99.99,2.59
2022-10-03,26.22,19.23,100.16,2.45
2022-10-04,25.96,18.8,100.3,1.67
2022-10-05,26.41,19.04,100.29,1.95
2022-10-06,26.27,18.86,100.29,2.12
2022-10-07,25.37,18.55,100.36,2.91
2022-10-08,23.56,16.48,100.47,2.46
2022-10-09,23.62,16.48,100.73,4.38
2022-10-10,19.85,10.5,101.12,3.84
2022-10-11,20.4,10.5,100.77,2.45
2022-10-12,21.54,11.41,100.57,2.0
2022-10-13,22.05,11.35,100.46,2.22
2022-10-14,22.01,12.15,100.3,3.41
2022-10-15,21.73,11.84,100.3,3.48
2022-10-16,21.71,12.57,100.46,3.7
2022-10-17,22.36,13.18,100.48,4.85
2022-10-18,20.55,11.29,100.56,4.59
2022-10-19,17.58,9.58,100.67,2.73
2022-10-20,17.05,11.05,100.74,4.27
2022-10-21,20.58,13.73,100.77,2.92
2022-10-22,24.33,15.2,100.65,2.38
2022-10-23,25.32,15.87,100.47,2.34
2022-10-24,24.53,15.62,100.39,2.22
2022-10-25,23.83,16.05,100.56,1.77
2022-10-26,24.19,16.78,100.45,1.94
2022-10-27,24.32,16.54,100.39,2.02
2022-10-28,23.43,15.2,100.52,1.97
2022-10-29,22.91,14.34,100.52,2.28
2022-10-30,22.42,13.73,100.42,3.15
2022-10-31,21.44,12.7,100.56,4.04
2022-11-01,20.41,10.93,100.47,3.7
2022-11-02,20.33,10.5,100.24,2.49
2022-11-03,20.76,10.5,100.34,2.18
2022-11-04,21.49,11.29,100.64,2.23
2022-11-05,20.44,11.72,100.86,2.62
2022-11-06,20.51,11.96,100.74,1.62
2022-11-07,21.11,13.12,100.62,1.5
2022-11-08,21.71,13.18,100.6,1.29
2022-11-09,21.58,13.31,100.6,1.56
2022-11-10,22.76,15.32,100.52,1.75
2022-11-11,24.03,16.48,100.42,2.12
2022-11-12,24.25,16.54,100.32,1.98
2022-11-13,24.08,16.42,100.41,1.74
2022-11-14,24.36,16.78,100.42,1.91
2022-11-15,24.36,17.15,100.31,2.54
2022-11-16,24.74,17.58,100.12,2.86
2022-11-17,24.9,17.46,100.11,2.5
2022-11-18,25.05,17.82,100.25,2.56
2022-11-19,24.15,16.78,100.36,2.79
2022-11-20,22.01,13.98,100.31,2.03
2022-11-21,23.35,15.69,100.14,1.65
2022-11-22,24.05,16.42,100.1,1.95
2022-11-23,23.08,15.2,100.21,2.29
2022-11-24,21.38,14.95,100.34,2.34
2022-11-25,22.28,15.32,100.42,1.73
2022-11-26,22.81,15.99,100.22,2.12
2022-11-27,25.37,18.49,99.78,4.07
2022-11-28,26.26,18.8,99.77,2.91
2022-11-29,26.32,18.8,99.98,1.7
2022-11-30,20.21,13.55,100.56,3.9
2022-12-01,12.15,7.39,101.19,4.23
2022-12-02,12.65,6.96,101.06,3.01
2022-12-03,15.19,9.09,100.73,1.95
2022-12-04,14.82,9.22,100.95,3.16
2022-12-05,14.3,7.75,101.23,3.71
2022-12-06,14.05,7.69,100.93,2.45
2022-12-07,14.37,8.36,100.87,2.22
2022-12-08,15.68,9.64,100.79,2.07
2022-12-09,15.96,9.77,100.66,1.91
2022-12-10,16.2,9.95,100.65,2.33
2022-12-11,16.06,8.67,100.79,2.65
2022-12-12,14.73,7.32,101.03,3.2
2022-12-13,13.82,6.65,101.0,2.11
2022-12-14,13.83,6.41,101.14,2.78
2022-12-15,13.51,6.9,100.64,2.05
2022-12-16,15.51,8.54,100.71,2.38
2022-12-17,12.58,5.98,101.71,6.09
2022-12-18,10.91,4.76,101.66,3.3
2022-12-19,11.31,4.94,101.0,1.98
2022-12-20,15.08,7.87,100.68,1.54
2022-12-21,16.1,7.75,100.83,2.3
2022-12-22,15.4,7.63,100.63,2.2
2022-12-23,15.86,8.12,100.74,2.17
2022-12-24,15.78,7.69,100.99,1.82
2022-12-25,15.67,8.3,100.96,2.23
2022-12-26,16.7,10.44,101.01,1.83
2022-12-27,16.87,10.68,100.94,2.98
2022-12-28,12.26,7.87,101.29,4.04
2022-12-29,11.29,6.71,101.6,3.25
2022-12-30,11.14,6.59,101.65,2.38
2022-12-31,12.69,7.08,101.49,2.37
